/*
 Navicat Premium Data Transfer

 Source Server         : MySQL
 Source Server Type    : MySQL
 Source Server Version : 80011
 Source Host           : localhost:3306
 Source Schema         : vhr

 Target Server Type    : MySQL
 Target Server Version : 80011
 File Encoding         : 65001

 Date: 30/10/2019 13:35:01
*/

SET NAMES utf8mb4;
SET FOREIGN_KEY_CHECKS = 0;

-- ----------------------------
-- Table structure for adjustsalary
-- ----------------------------
DROP TABLE IF EXISTS `adjustsalary`;
CREATE TABLE `adjustsalary`  (
  `id` int(11) NOT NULL AUTO_INCREMENT,
  `eid` int(11) NULL DEFAULT NULL,
  `asDate` date NULL DEFAULT NULL COMMENT '调薪日期',
  `beforeSalary` int(11) NULL DEFAULT NULL COMMENT '调前薪资',
  `afterSalary` int(11) NULL DEFAULT NULL COMMENT '调后薪资',
  `reason` varchar(255) CHARACTER SET utf8 COLLATE utf8_general_ci NULL DEFAULT NULL COMMENT '调薪原因',
  `remark` varchar(255) CHARACTER SET utf8 COLLATE utf8_general_ci NULL DEFAULT NULL COMMENT '备注',
  PRIMARY KEY (`id`) USING BTREE,
  INDEX `pid`(`eid`) USING BTREE,
  CONSTRAINT `adjustsalary_ibfk_1` FOREIGN KEY (`eid`) REFERENCES `employee` (`id`) ON DELETE RESTRICT ON UPDATE RESTRICT
) ENGINE = InnoDB CHARACTER SET = utf8 COLLATE = utf8_general_ci ROW_FORMAT = Dynamic;

-- ----------------------------
-- Table structure for appraise
-- ----------------------------
DROP TABLE IF EXISTS `appraise`;
CREATE TABLE `appraise`  (
  `id` int(11) NOT NULL AUTO_INCREMENT,
  `eid` int(11) NULL DEFAULT NULL,
  `appDate` date NULL DEFAULT NULL COMMENT '考评日期',
  `appResult` varchar(32) CHARACTER SET utf8 COLLATE utf8_general_ci NULL DEFAULT NULL COMMENT '考评结果',
  `appContent` varchar(255) CHARACTER SET utf8 COLLATE utf8_general_ci NULL DEFAULT NULL COMMENT '考评内容',
  `remark` varchar(255) CHARACTER SET utf8 COLLATE utf8_general_ci NULL DEFAULT NULL COMMENT '备注',
  PRIMARY KEY (`id`) USING BTREE,
  INDEX `pid`(`eid`) USING BTREE,
  CONSTRAINT `appraise_ibfk_1` FOREIGN KEY (`eid`) REFERENCES `employee` (`id`) ON DELETE RESTRICT ON UPDATE RESTRICT
) ENGINE = InnoDB CHARACTER SET = utf8 COLLATE = utf8_general_ci ROW_FORMAT = Dynamic;

-- ----------------------------
-- Table structure for department
-- ----------------------------
DROP TABLE IF EXISTS `department`;
CREATE TABLE `department`  (
  `id` int(11) NOT NULL AUTO_INCREMENT,
  `name` varchar(32) CHARACTER SET utf8 COLLATE utf8_general_ci NULL DEFAULT NULL COMMENT '部门名称',
  `parentId` int(11) NULL DEFAULT NULL,
  `depPath` varchar(255) CHARACTER SET utf8 COLLATE utf8_general_ci NULL DEFAULT NULL,
  `enabled` tinyint(1) NULL DEFAULT 1,
  `isParent` tinyint(1) NULL DEFAULT 0,
  PRIMARY KEY (`id`) USING BTREE
) ENGINE = InnoDB AUTO_INCREMENT = 93 CHARACTER SET = utf8 COLLATE = utf8_general_ci ROW_FORMAT = Dynamic;

-- ----------------------------
-- Records of department
-- ----------------------------
INSERT INTO `department` VALUES (1, '校长办公室', -1, '.1', 1, 1);
INSERT INTO `department` VALUES (4, '教务处', -1, '.1', 1, 1);
INSERT INTO `department` VALUES (5, '财务处', -1, '..1', 1, 1);
INSERT INTO `department` VALUES (8, '飞行技术学院', -1, '.1', 1, 1);
INSERT INTO `department` VALUES (78, '航空工程学院', -1, '.1', 1, 1);
INSERT INTO `department` VALUES (81, '空中交通管理学院', -1, '.1', 1, 1);
INSERT INTO `department` VALUES (82, '计算机学院', -1, '.1', 1, 1);
INSERT INTO `department` VALUES (85, '空中乘务学院', -1, '.1', 1, 1);
INSERT INTO `department` VALUES (86, '外国语学院', -1, '.1', 1, 1);
INSERT INTO `department` VALUES (87, '机场工程与运输管理学院', -1, '.1', 1, 1);
INSERT INTO `department` VALUES (89, '航空安全保卫学院', -1, '.1', 1, 1);
INSERT INTO `department` VALUES (91, '继续教育学院', -1, '.1', 1, 1);
INSERT INTO `department` VALUES (92, '社科部', -1, '.1', 1, 1);
INSERT INTO `department` VALUES (93, '教务处', 82, '.1.93', 1, 0);

-- ----------------------------
-- Table structure for employee
-- ----------------------------
DROP TABLE IF EXISTS `employee`;
CREATE TABLE `employee`  (
  `id` int(11) NOT NULL AUTO_INCREMENT COMMENT '员工编号',
  `name` varchar(10) CHARACTER SET utf8 COLLATE utf8_general_ci NULL DEFAULT NULL COMMENT '员工姓名',
  `gender` char(4) CHARACTER SET utf8 COLLATE utf8_general_ci NULL DEFAULT NULL COMMENT '性别',
  `birthday` date NULL DEFAULT NULL COMMENT '出生日期',
  `idCard` char(18) CHARACTER SET utf8 COLLATE utf8_general_ci NULL DEFAULT NULL COMMENT '身份证号',
  `wedlock` enum('已婚','未婚','离异') CHARACTER SET utf8 COLLATE utf8_general_ci NULL DEFAULT NULL COMMENT '婚姻状况',
  `nationId` int(8) NULL DEFAULT NULL COMMENT '民族',
  `nativePlace` varchar(20) CHARACTER SET utf8 COLLATE utf8_general_ci NULL DEFAULT NULL COMMENT '籍贯',
  `politicId` int(8) NULL DEFAULT NULL COMMENT '政治面貌',
  `email` varchar(20) CHARACTER SET utf8 COLLATE utf8_general_ci NULL DEFAULT NULL COMMENT '邮箱',
  `phone` varchar(11) CHARACTER SET utf8 COLLATE utf8_general_ci NULL DEFAULT NULL COMMENT '电话号码',
  `address` varchar(64) CHARACTER SET utf8 COLLATE utf8_general_ci NULL DEFAULT NULL COMMENT '联系地址',
  `departmentId` int(11) NULL DEFAULT NULL COMMENT '所属部门',
  `jobLevelId` int(11) NULL DEFAULT NULL COMMENT '职称ID',
  `posId` int(11) NULL DEFAULT NULL COMMENT '职位ID',
  `engageForm` varchar(8) CHARACTER SET utf8 COLLATE utf8_general_ci NULL DEFAULT NULL COMMENT '聘用形式',
  `tiptopDegree` enum('博士','硕士','本科','大专','高中','初中','小学','其他') CHARACTER SET utf8 COLLATE utf8_general_ci NULL DEFAULT NULL COMMENT '最高学历',
  `specialty` varchar(32) CHARACTER SET utf8 COLLATE utf8_general_ci NULL DEFAULT NULL COMMENT '所属专业',
  `school` varchar(32) CHARACTER SET utf8 COLLATE utf8_general_ci NULL DEFAULT NULL COMMENT '毕业院校',
  `beginDate` date NULL DEFAULT NULL COMMENT '入职日期',
  `workState` enum('在职','离职') CHARACTER SET utf8 COLLATE utf8_general_ci NULL DEFAULT '在职' COMMENT '在职状态',
  `workID` char(8) CHARACTER SET utf8 COLLATE utf8_general_ci NULL DEFAULT NULL COMMENT '工号',
  `contractTerm` double NULL DEFAULT NULL COMMENT '合同期限',
  `conversionTime` date NULL DEFAULT NULL COMMENT '转正日期',
  `notWorkDate` date NULL DEFAULT NULL COMMENT '离职日期',
  `beginContract` date NULL DEFAULT NULL COMMENT '合同起始日期',
  `endContract` date NULL DEFAULT NULL COMMENT '合同终止日期',
  `workAge` int(11) NULL DEFAULT NULL COMMENT '工龄',
  PRIMARY KEY (`id`) USING BTREE,
  INDEX `departmentId`(`departmentId`) USING BTREE,
  INDEX `jobId`(`jobLevelId`) USING BTREE,
  INDEX `dutyId`(`posId`) USING BTREE,
  INDEX `nationId`(`nationId`) USING BTREE,
  INDEX `politicId`(`politicId`) USING BTREE,
  INDEX `workID_key`(`workID`) USING BTREE,
  CONSTRAINT `employee_ibfk_1` FOREIGN KEY (`departmentId`) REFERENCES `department` (`id`) ON DELETE RESTRICT ON UPDATE RESTRICT,
  CONSTRAINT `employee_ibfk_2` FOREIGN KEY (`jobLevelId`) REFERENCES `joblevel` (`id`) ON DELETE RESTRICT ON UPDATE RESTRICT,
  CONSTRAINT `employee_ibfk_3` FOREIGN KEY (`posId`) REFERENCES `position` (`id`) ON DELETE RESTRICT ON UPDATE RESTRICT,
  CONSTRAINT `employee_ibfk_4` FOREIGN KEY (`nationId`) REFERENCES `nation` (`id`) ON DELETE RESTRICT ON UPDATE RESTRICT,
  CONSTRAINT `employee_ibfk_5` FOREIGN KEY (`politicId`) REFERENCES `politicsstatus` (`id`) ON DELETE RESTRICT ON UPDATE RESTRICT
) ENGINE = InnoDB AUTO_INCREMENT = 1519 CHARACTER SET = utf8 COLLATE = utf8_general_ci ROW_FORMAT = Dynamic;

-- ----------------------------
-- Records of employee
-- ----------------------------
INSERT INTO `employee` VALUES (2, '张开俄', '男', '1989-02-01', '421288198902011234', '已婚', 1, '海南', 3, 'chenjing@qq.com', '18795556693', '海南省海口市美兰区', 8, 12, 30, '劳动合同', '高中', '市场营销', '武汉大学', '2015-06-09', '在职', '00000002', 3, '2015-09-10', NULL, '2015-06-09', '2018-06-08', NULL);
INSERT INTO `employee` VALUES (3, '李千雨', '男', '1993-03-04', '610122199303041456', '未婚', 1, '陕西', 3, 'zhao@qq.com', '15698887795', '陕西省西安市莲湖区', 91, 12, 33, '劳动合同', '博士', '电子工程', '哈尔滨理工大学', '2018-01-01', '在职', '00000003', 3.5, '2018-04-01', NULL, '2018-01-01', '2021-07-14', NULL);
INSERT INTO `employee` VALUES (4, '王千雨', '男', '1990-01-03', '610122199001031456', '已婚', 1, '陕西', 3, 'zhao@qq.com', '15612347795', '陕西省西安市莲湖区', 92, 12, 34, '劳动合同', '高中', '电子工程', '哈尔滨理工大学', '2018-01-01', '在职', '00000004', 3.5, '2018-04-01', NULL, '2018-01-01', '2021-07-14', NULL);
INSERT INTO `employee` VALUES (5, '蒋唱', '男', '1991-02-05', '610122199102058952', '已婚', 1, '河南', 3, 'yaosen@qq.com', '14785559936', '河南洛阳人民大道58号', 92, 15, 34, '劳动合同', '硕士', '室内装修设计', '西北大学', '2017-01-02', '在职', '00000005', 7, '2017-04-02', NULL, '2017-01-02', '2024-01-17', NULL);
INSERT INTO `employee` VALUES (6, '马友成', '女', '1993-01-05', '610122199301054789', '已婚', 1, '陕西', 1, 'yunxing@qq.com', '15644442252', '陕西西安新城区', 92, 16, 34, '劳务合同', '硕士', '通信工程', '西安电子科技学校', '2018-01-01', '在职', '00000006', 5.25, '2018-04-01', NULL, '2018-01-01', '2023-04-13', NULL);
INSERT INTO `employee` VALUES (8, '张乐峰', '男', '1991-02-01', '610144199102014569', '已婚', 1, '广东', 6, 'zhangliming@qq.com', '18979994478', '广东珠海', 91, 15, 33, '劳动合同', '高中', '考古', '清华大学', '2018-01-01', '在职', '00000008', 7, '2018-04-01', NULL, '2018-01-01', '2025-01-30', NULL);
INSERT INTO `employee` VALUES (9, '赵亦良', '男', '1992-07-01', '610144199207017895', '已婚', 1, '陕西', 13, 'xuelei@qq.com', '15648887741', '西安市雁塔区', 92, 14, 34, '劳动合同', '初中', '无', '华胥中学', '2018-01-01', '在职', '00000009', 6, '2018-04-01', NULL, '2018-01-01', '2024-01-17', NULL);
INSERT INTO `employee` VALUES (11, '马玉井', '男', '1990-01-01', '610122199001011256', '已婚', 1, '陕西', 13, 'laowang@qq.com', '18565558897', '深圳市南山区', 91, 9, 29, '劳动合同', '本科', '信息管理与信息系统', '深圳大学', '2018-01-01', '在职', '00000011', 1, '2018-04-01', NULL, '2018-01-01', '2019-01-01', NULL);
INSERT INTO `employee` VALUES (12, '陈静', '女', '1989-02-01', '421288198902011234', '已婚', 1, '海南', 1, 'chenjing@qq.com', '18795556693', '海南省海口市美兰区', 82, 12, 30, '劳动合同', '高中', '市场营销', '武汉大学', '2015-06-09', '在职', '00000012', 3, '2015-09-10', NULL, '2015-06-09', '2018-06-08', NULL);
INSERT INTO `employee` VALUES (13, '赵琳浩', '男', '1993-03-04', '610122199303041456', '未婚', 1, '陕西', 3, 'zhao@qq.com', '15698887795', '陕西省西安市莲湖区', 91, 12, 33, '劳动合同', '博士', '电子工程', '哈尔滨理工大学', '2018-01-01', '在职', '00000013', 3.5, '2018-04-01', NULL, '2018-01-01', '2021-07-14', NULL);
INSERT INTO `employee` VALUES (14, '鹿存亮', '男', '1990-01-03', '610122199001031456', '已婚', 1, '陕西', 3, 'zhao@qq.com', '15612347795', '陕西省西安市莲湖区', 92, 12, 34, '劳动合同', '高中', '电子工程', '哈尔滨理工大学', '2018-01-01', '在职', '00000014', 3.5, '2018-04-01', NULL, '2018-01-01', '2021-07-14', NULL);
INSERT INTO `employee` VALUES (15, '姚森', '男', '1991-02-05', '610122199102058952', '已婚', 1, '河南', 3, 'yaosen@qq.com', '14785559936', '河南洛阳人民大道58号', 92, 15, 34, '劳动合同', '初中', '室内装修设计', '西北大学', '2017-01-02', '在职', '00000015', 7, '2017-04-02', NULL, '2017-01-02', '2024-01-17', NULL);
INSERT INTO `employee` VALUES (16, '张子斌', '女', '1993-01-05', '610122199301054789', '已婚', 1, '陕西', 1, 'yunxing@qq.com', '15644442252', '陕西西安新城区', 92, 16, 34, '劳务合同', '硕士', '通信工程', '西安电子科技学校', '2018-01-01', '在职', '00000016', 5.25, '2018-04-01', NULL, '2018-01-01', '2023-04-13', NULL);
INSERT INTO `employee` VALUES (1519, '小明', '男', '2019-09-30', '530428199001011234', '已婚', 2, '四川成都', 3, '1234@qq.com', '123456', '四川省成都市', 78, 13, 34, '劳动合同', '本科', '航空', '北航', '2019-10-28', '在职', '00000017', 1.92, '2019-10-29', NULL, '2019-11-04', '2021-10-06', NULL);

-- ----------------------------
-- Table structure for employeeec
-- ----------------------------
DROP TABLE IF EXISTS `employeeec`;
CREATE TABLE `employeeec`  (
  `id` int(11) NOT NULL AUTO_INCREMENT,
  `eid` int(11) NULL DEFAULT NULL COMMENT '员工编号',
  `ecDate` date NULL DEFAULT NULL COMMENT '奖罚日期',
  `ecReason` varchar(255) CHARACTER SET utf8 COLLATE utf8_general_ci NULL DEFAULT NULL COMMENT '奖罚原因',
  `ecPoint` int(11) NULL DEFAULT NULL COMMENT '奖罚分',
  `ecType` int(11) NULL DEFAULT NULL COMMENT '奖罚类别，0：奖，1：罚',
  `remark` varchar(255) CHARACTER SET utf8 COLLATE utf8_general_ci NULL DEFAULT NULL COMMENT '备注',
  PRIMARY KEY (`id`) USING BTREE,
  INDEX `pid`(`eid`) USING BTREE,
  CONSTRAINT `employeeec_ibfk_1` FOREIGN KEY (`eid`) REFERENCES `employee` (`id`) ON DELETE RESTRICT ON UPDATE RESTRICT
) ENGINE = InnoDB CHARACTER SET = utf8 COLLATE = utf8_general_ci ROW_FORMAT = Dynamic;

-- ----------------------------
-- Table structure for employeeremove
-- ----------------------------
DROP TABLE IF EXISTS `employeeremove`;
CREATE TABLE `employeeremove`  (
  `id` int(11) NOT NULL AUTO_INCREMENT,
  `eid` int(11) NULL DEFAULT NULL,
  `afterDepId` int(11) NULL DEFAULT NULL COMMENT '调动后部门',
  `afterJobId` int(11) NULL DEFAULT NULL COMMENT '调动后职位',
  `removeDate` date NULL DEFAULT NULL COMMENT '调动日期',
  `reason` varchar(255) CHARACTER SET utf8 COLLATE utf8_general_ci NULL DEFAULT NULL COMMENT '调动原因',
  `remark` varchar(255) CHARACTER SET utf8 COLLATE utf8_general_ci NULL DEFAULT NULL,
  PRIMARY KEY (`id`) USING BTREE,
  INDEX `pid`(`eid`) USING BTREE,
  CONSTRAINT `employeeremove_ibfk_1` FOREIGN KEY (`eid`) REFERENCES `employee` (`id`) ON DELETE RESTRICT ON UPDATE RESTRICT
) ENGINE = InnoDB CHARACTER SET = utf8 COLLATE = utf8_general_ci ROW_FORMAT = Dynamic;

-- ----------------------------
-- Table structure for employeetrain
-- ----------------------------
DROP TABLE IF EXISTS `employeetrain`;
CREATE TABLE `employeetrain`  (
  `id` int(11) NOT NULL AUTO_INCREMENT,
  `eid` int(11) NULL DEFAULT NULL COMMENT '员工编号',
  `trainDate` date NULL DEFAULT NULL COMMENT '培训日期',
  `trainContent` varchar(255) CHARACTER SET utf8 COLLATE utf8_general_ci NULL DEFAULT NULL COMMENT '培训内容',
  `remark` varchar(255) CHARACTER SET utf8 COLLATE utf8_general_ci NULL DEFAULT NULL COMMENT '备注',
  PRIMARY KEY (`id`) USING BTREE,
  INDEX `pid`(`eid`) USING BTREE,
  CONSTRAINT `employeetrain_ibfk_1` FOREIGN KEY (`eid`) REFERENCES `employee` (`id`) ON DELETE RESTRICT ON UPDATE RESTRICT
) ENGINE = InnoDB CHARACTER SET = utf8 COLLATE = utf8_general_ci ROW_FORMAT = Dynamic;

-- ----------------------------
-- Table structure for empsalary
-- ----------------------------
DROP TABLE IF EXISTS `empsalary`;
CREATE TABLE `empsalary`  (
  `id` int(11) NOT NULL AUTO_INCREMENT,
  `eid` int(11) NULL DEFAULT NULL,
  `sid` int(11) NULL DEFAULT NULL,
  PRIMARY KEY (`id`) USING BTREE,
  INDEX `eid`(`eid`) USING BTREE,
  INDEX `empsalary_ibfk_2`(`sid`) USING BTREE,
  CONSTRAINT `empsalary_ibfk_1` FOREIGN KEY (`eid`) REFERENCES `employee` (`id`) ON DELETE RESTRICT ON UPDATE RESTRICT,
  CONSTRAINT `empsalary_ibfk_2` FOREIGN KEY (`sid`) REFERENCES `salary` (`id`) ON DELETE RESTRICT ON UPDATE RESTRICT
) ENGINE = InnoDB AUTO_INCREMENT = 17 CHARACTER SET = utf8 COLLATE = utf8_general_ci ROW_FORMAT = Dynamic;

-- ----------------------------
-- Records of empsalary
-- ----------------------------
INSERT INTO `empsalary` VALUES (6, 4, 10);
INSERT INTO `empsalary` VALUES (7, 3, 9);
INSERT INTO `empsalary` VALUES (10, 5, 9);
INSERT INTO `empsalary` VALUES (11, 6, 13);
INSERT INTO `empsalary` VALUES (13, 2, 13);
INSERT INTO `empsalary` VALUES (14, 8, 10);
INSERT INTO `empsalary` VALUES (15, 9, 10);

-- ----------------------------
-- Table structure for hr
-- ----------------------------
DROP TABLE IF EXISTS `hr`;
CREATE TABLE `hr`  (
  `id` int(11) NOT NULL AUTO_INCREMENT COMMENT 'hrID',
  `name` varchar(32) CHARACTER SET utf8 COLLATE utf8_general_ci NULL DEFAULT NULL COMMENT '姓名',
  `phone` char(11) CHARACTER SET utf8 COLLATE utf8_general_ci NULL DEFAULT NULL COMMENT '手机号码',
  `telephone` varchar(16) CHARACTER SET utf8 COLLATE utf8_general_ci NULL DEFAULT NULL COMMENT '住宅电话',
  `address` varchar(64) CHARACTER SET utf8 COLLATE utf8_general_ci NULL DEFAULT NULL COMMENT '联系地址',
  `enabled` tinyint(1) NULL DEFAULT 1,
  `username` varchar(255) CHARACTER SET utf8 COLLATE utf8_general_ci NULL DEFAULT NULL COMMENT '用户名',
  `password` varchar(255) CHARACTER SET utf8 COLLATE utf8_general_ci NULL DEFAULT NULL COMMENT '密码',
  `userface` varchar(255) CHARACTER SET utf8 COLLATE utf8_general_ci NULL DEFAULT NULL,
  `remark` varchar(255) CHARACTER SET utf8 COLLATE utf8_general_ci NULL DEFAULT NULL,
  PRIMARY KEY (`id`) USING BTREE
) ENGINE = InnoDB AUTO_INCREMENT = 13 CHARACTER SET = utf8 COLLATE = utf8_general_ci ROW_FORMAT = Dynamic;

-- ----------------------------
-- Records of hr
-- ----------------------------
INSERT INTO `hr` VALUES (3, '超级管理员', '18568887789', '029-82881234', '深圳南山', 1, 'admin', '$2a$10$ySG2lkvjFHY5O0./CPIE1OI8VJsuKYEzOYzqIa7AJR6sEgSzUFOAm', 'http://img3.duitang.com/uploads/item/201507/23/20150723115018_ma428.thumb.700_0.jpeg', NULL);
INSERT INTO `hr` VALUES (5, '张三', '18568123489', '029-82123434', '海口美兰', 1, 'zhangsan', '$2a$10$oE39aG10kB/rFu2vQeCJTu/V/v4n6DRR0f8WyXRiAYvBpmadoOBE.', 'http://b-ssl.duitang.com/uploads/item/201808/29/20180829100116_ijxrm.jpg', NULL);
INSERT INTO `hr` VALUES (10, '李四', '18568123666', '029-82111555', '广州番禺', 1, 'lisi', '$2a$10$oE39aG10kB/rFu2vQeCJTu/V/v4n6DRR0f8WyXRiAYvBpmadoOBE.', 'http://b-ssl.duitang.com/uploads/item/201704/04/20170404153225_EiMHP.jpeg', NULL);
INSERT INTO `hr` VALUES (12, '张凡方', '18568128888', '029-82111222', '广州越秀', 1, 'zhangfanfang', '$2a$10$oE39aG10kB/rFu2vQeCJTu/V/v4n6DRR0f8WyXRiAYvBpmadoOBE.', 'http://b-ssl.duitang.com/uploads/item/201410/20/20141020224133_Ur54c.jpeg', NULL);

-- ----------------------------
-- Table structure for hr_role
-- ----------------------------
DROP TABLE IF EXISTS `hr_role`;
CREATE TABLE `hr_role`  (
  `id` int(11) NOT NULL AUTO_INCREMENT,
  `hrid` int(11) NULL DEFAULT NULL,
  `rid` int(11) NULL DEFAULT NULL,
  PRIMARY KEY (`id`) USING BTREE,
  INDEX `rid`(`rid`) USING BTREE,
  INDEX `hr_role_ibfk_1`(`hrid`) USING BTREE,
  CONSTRAINT `hr_role_ibfk_1` FOREIGN KEY (`hrid`) REFERENCES `hr` (`id`) ON DELETE CASCADE ON UPDATE RESTRICT,
  CONSTRAINT `hr_role_ibfk_2` FOREIGN KEY (`rid`) REFERENCES `role` (`id`) ON DELETE RESTRICT ON UPDATE RESTRICT
) ENGINE = InnoDB AUTO_INCREMENT = 50 CHARACTER SET = utf8 COLLATE = utf8_general_ci ROW_FORMAT = Dynamic;

-- ----------------------------
-- Records of hr_role
-- ----------------------------
INSERT INTO `hr_role` VALUES (1, 3, 6);
INSERT INTO `hr_role` VALUES (9, 5, 2);
INSERT INTO `hr_role` VALUES (48, 10, 5);

-- ----------------------------
-- Table structure for joblevel
-- ----------------------------
DROP TABLE IF EXISTS `joblevel`;
CREATE TABLE `joblevel`  (
  `id` int(11) NOT NULL AUTO_INCREMENT,
  `name` varchar(32) CHARACTER SET utf8 COLLATE utf8_general_ci NULL DEFAULT NULL COMMENT '职称名称',
  `titleLevel` enum('正高级','副高级','中级','初级','员级') CHARACTER SET utf8 COLLATE utf8_general_ci NULL DEFAULT NULL,
  `createDate` timestamp(0) NULL DEFAULT CURRENT_TIMESTAMP,
  `enabled` tinyint(1) NULL DEFAULT 1,
  PRIMARY KEY (`id`) USING BTREE
) ENGINE = InnoDB AUTO_INCREMENT = 18 CHARACTER SET = utf8 COLLATE = utf8_general_ci ROW_FORMAT = Dynamic;

-- ----------------------------
-- Records of joblevel
-- ----------------------------
INSERT INTO `joblevel` VALUES (9, '教授', '正高级', '2018-01-11 21:19:14', 1);
INSERT INTO `joblevel` VALUES (10, '副教授', '副高级', '2018-01-11 21:19:20', 1);
INSERT INTO `joblevel` VALUES (12, '助教', '初级', '2018-01-11 21:35:39', 1);
INSERT INTO `joblevel` VALUES (13, '讲师', '中级', '2018-01-11 22:42:12', 1);
INSERT INTO `joblevel` VALUES (14, '初级工程师', '初级', '2018-01-14 16:18:50', 1);
INSERT INTO `joblevel` VALUES (15, '中级工程师', '中级', '2018-01-14 16:19:00', 1);
INSERT INTO `joblevel` VALUES (16, '高级工程师', '副高级', '2018-01-14 16:19:14', 1);
INSERT INTO `joblevel` VALUES (17, '骨灰级工程师', '正高级', '2018-01-14 16:19:24', 1);

-- ----------------------------
-- Table structure for menu
-- ----------------------------
DROP TABLE IF EXISTS `menu`;
CREATE TABLE `menu`  (
  `id` int(11) NOT NULL AUTO_INCREMENT,
  `url` varchar(64) CHARACTER SET utf8 COLLATE utf8_general_ci NULL DEFAULT NULL,
  `path` varchar(64) CHARACTER SET utf8 COLLATE utf8_general_ci NULL DEFAULT NULL,
  `component` varchar(64) CHARACTER SET utf8 COLLATE utf8_general_ci NULL DEFAULT NULL,
  `name` varchar(64) CHARACTER SET utf8 COLLATE utf8_general_ci NULL DEFAULT NULL,
  `iconCls` varchar(64) CHARACTER SET utf8 COLLATE utf8_general_ci NULL DEFAULT NULL,
  `keepAlive` tinyint(1) NULL DEFAULT NULL,
  `requireAuth` tinyint(1) NULL DEFAULT NULL,
  `parentId` int(11) NULL DEFAULT NULL,
  `enabled` tinyint(1) NULL DEFAULT 1,
  PRIMARY KEY (`id`) USING BTREE,
  INDEX `parentId`(`parentId`) USING BTREE,
  CONSTRAINT `menu_ibfk_1` FOREIGN KEY (`parentId`) REFERENCES `menu` (`id`) ON DELETE RESTRICT ON UPDATE RESTRICT
) ENGINE = InnoDB AUTO_INCREMENT = 29 CHARACTER SET = utf8 COLLATE = utf8_general_ci ROW_FORMAT = Dynamic;

-- ----------------------------
-- Records of menu
-- ----------------------------
INSERT INTO `menu` VALUES (1, '/', NULL, NULL, '所有', NULL, NULL, NULL, NULL, 1);
INSERT INTO `menu` VALUES (2, '/', '/home', 'Home', '员工资料', 'fa fa-user-circle-o', NULL, 1, 1, 1);
INSERT INTO `menu` VALUES (3, '/', '/home', 'Home', '人事管理', 'fa fa-address-card-o', NULL, 1, 1, 1);
INSERT INTO `menu` VALUES (4, '/', '/home', 'Home', '薪资管理', 'fa fa-money', NULL, 1, 1, 1);
INSERT INTO `menu` VALUES (5, '/', '/home', 'Home', '统计管理', 'fa fa-bar-chart', NULL, 1, 1, 1);
INSERT INTO `menu` VALUES (6, '/', '/home', 'Home', '系统管理', 'fa fa-windows', NULL, 1, 1, 1);
INSERT INTO `menu` VALUES (7, '/employee/basic/**', '/emp/basic', 'EmpBasic', '基本资料', NULL, NULL, 1, 2, 1);
INSERT INTO `menu` VALUES (8, '/employee/advanced/**', '/emp/adv', 'EmpAdv', '高级资料', NULL, NULL, 1, 2, 0);
INSERT INTO `menu` VALUES (9, '/personnel/emp/**', '/per/emp', 'PerEmp', '员工资料', NULL, NULL, 1, 3, 0);
INSERT INTO `menu` VALUES (10, '/personnel/ec/**', '/per/ec', 'PerEc', '员工奖惩', NULL, NULL, 1, 3, 1);
INSERT INTO `menu` VALUES (11, '/personnel/train/**', '/per/train', 'PerTrain', '员工培训', NULL, NULL, 1, 3, 1);
INSERT INTO `menu` VALUES (12, '/personnel/salary/**', '/per/salary', 'PerSalary', '员工调薪', NULL, NULL, 1, 3, 1);
INSERT INTO `menu` VALUES (13, '/personnel/remove/**', '/per/mv', 'PerMv', '员工调动', NULL, NULL, 1, 3, 1);
INSERT INTO `menu` VALUES (14, '/salary/sob/**', '/sal/sob', 'SalSob', '工资账套管理', NULL, NULL, 1, 4, 1);
INSERT INTO `menu` VALUES (15, '/salary/sobcfg/**', '/sal/sobcfg', 'SalSobCfg', '员工账套设置', NULL, NULL, 1, 4, 1);
INSERT INTO `menu` VALUES (16, '/salary/table/**', '/sal/table', 'SalTable', '工资表管理', NULL, NULL, 1, 4, 1);
INSERT INTO `menu` VALUES (17, '/salary/month/**', '/sal/month', 'SalMonth', '月末处理', NULL, NULL, 1, 4, 1);
INSERT INTO `menu` VALUES (18, '/salary/search/**', '/sal/search', 'SalSearch', '工资表查询', NULL, NULL, 1, 4, 1);
INSERT INTO `menu` VALUES (19, '/statistics/all/**', '/sta/all', 'StaAll', '综合信息统计', NULL, NULL, 1, 5, 1);
INSERT INTO `menu` VALUES (20, '/statistics/score/**', '/sta/score', 'StaScore', '员工积分统计', NULL, NULL, 1, 5, 1);
INSERT INTO `menu` VALUES (21, '/statistics/personnel/**', '/sta/pers', 'StaPers', '人事信息统计', NULL, NULL, 1, 5, 1);
INSERT INTO `menu` VALUES (22, '/statistics/recored/**', '/sta/record', 'StaRecord', '人事记录统计', NULL, NULL, 1, 5, 1);
INSERT INTO `menu` VALUES (23, '/system/basic/**', '/sys/basic', 'SysBasic', '基础信息设置', NULL, NULL, 1, 6, 1);
INSERT INTO `menu` VALUES (24, '/system/cfg/**', '/sys/cfg', 'SysCfg', '系统管理', NULL, NULL, 1, 6, 1);
INSERT INTO `menu` VALUES (25, '/system/log/**', '/sys/log', 'SysLog', '操作日志管理', NULL, NULL, 1, 6, 1);
INSERT INTO `menu` VALUES (26, '/system/hr/**', '/sys/hr', 'SysHr', '操作员管理', NULL, NULL, 1, 6, 1);
INSERT INTO `menu` VALUES (27, '/system/data/**', '/sys/data', 'SysData', '备份恢复数据库', NULL, NULL, 1, 6, 1);
INSERT INTO `menu` VALUES (28, '/system/init/**', '/sys/init', 'SysInit', '初始化数据库', NULL, NULL, 1, 6, 1);

-- ----------------------------
-- Table structure for menu_role
-- ----------------------------
DROP TABLE IF EXISTS `menu_role`;
CREATE TABLE `menu_role`  (
  `id` int(11) NOT NULL AUTO_INCREMENT,
  `mid` int(11) NULL DEFAULT NULL,
  `rid` int(11) NULL DEFAULT NULL,
  PRIMARY KEY (`id`) USING BTREE,
  INDEX `mid`(`mid`) USING BTREE,
  INDEX `rid`(`rid`) USING BTREE,
  CONSTRAINT `menu_role_ibfk_1` FOREIGN KEY (`mid`) REFERENCES `menu` (`id`) ON DELETE RESTRICT ON UPDATE RESTRICT,
  CONSTRAINT `menu_role_ibfk_2` FOREIGN KEY (`rid`) REFERENCES `role` (`id`) ON DELETE RESTRICT ON UPDATE RESTRICT
) ENGINE = InnoDB AUTO_INCREMENT = 278 CHARACTER SET = utf8 COLLATE = utf8_general_ci ROW_FORMAT = Dynamic;

-- ----------------------------
-- Records of menu_role
-- ----------------------------
INSERT INTO `menu_role` VALUES (161, 7, 3);
INSERT INTO `menu_role` VALUES (162, 7, 6);
INSERT INTO `menu_role` VALUES (163, 9, 6);
INSERT INTO `menu_role` VALUES (168, 14, 6);
INSERT INTO `menu_role` VALUES (169, 15, 6);
INSERT INTO `menu_role` VALUES (177, 23, 6);
INSERT INTO `menu_role` VALUES (179, 26, 6);
INSERT INTO `menu_role` VALUES (247, 7, 4);
INSERT INTO `menu_role` VALUES (248, 8, 4);
INSERT INTO `menu_role` VALUES (250, 7, 2);
INSERT INTO `menu_role` VALUES (251, 8, 2);
INSERT INTO `menu_role` VALUES (252, 9, 2);
INSERT INTO `menu_role` VALUES (256, 7, 2);
INSERT INTO `menu_role` VALUES (257, 8, 1);
INSERT INTO `menu_role` VALUES (258, 9, 1);
INSERT INTO `menu_role` VALUES (263, 14, 5);
INSERT INTO `menu_role` VALUES (264, 15, 5);
INSERT INTO `menu_role` VALUES (272, 23, 1);
INSERT INTO `menu_role` VALUES (275, 26, 1);

-- ----------------------------
-- Table structure for msgcontent
-- ----------------------------
DROP TABLE IF EXISTS `msgcontent`;
CREATE TABLE `msgcontent`  (
  `id` int(11) NOT NULL AUTO_INCREMENT,
  `title` varchar(64) CHARACTER SET utf8 COLLATE utf8_general_ci NULL DEFAULT NULL,
  `message` varchar(255) CHARACTER SET utf8 COLLATE utf8_general_ci NULL DEFAULT NULL,
  `createDate` timestamp(0) NOT NULL DEFAULT CURRENT_TIMESTAMP,
  PRIMARY KEY (`id`) USING BTREE
) ENGINE = InnoDB AUTO_INCREMENT = 19 CHARACTER SET = utf8 COLLATE = utf8_general_ci ROW_FORMAT = Dynamic;

-- ----------------------------
-- Records of msgcontent
-- ----------------------------
INSERT INTO `msgcontent` VALUES (14, '2222222222', '11111111111111111', '2018-02-02 20:46:19');
INSERT INTO `msgcontent` VALUES (15, '22222222', '3333333333333333333333', '2018-02-02 21:45:57');
INSERT INTO `msgcontent` VALUES (16, '通知标题1', '通知内容1', '2018-02-03 11:41:39');
INSERT INTO `msgcontent` VALUES (17, '通知标题2', '通知内容2', '2018-02-03 11:52:37');
INSERT INTO `msgcontent` VALUES (18, '通知标题3', '通知内容3', '2018-02-03 12:19:41');

-- ----------------------------
-- Table structure for nation
-- ----------------------------
DROP TABLE IF EXISTS `nation`;
CREATE TABLE `nation`  (
  `id` int(11) NOT NULL AUTO_INCREMENT,
  `name` varchar(32) CHARACTER SET utf8 COLLATE utf8_general_ci NULL DEFAULT NULL,
  PRIMARY KEY (`id`) USING BTREE
) ENGINE = InnoDB AUTO_INCREMENT = 57 CHARACTER SET = utf8 COLLATE = utf8_general_ci ROW_FORMAT = Dynamic;

-- ----------------------------
-- Records of nation
-- ----------------------------
INSERT INTO `nation` VALUES (1, '汉族');
INSERT INTO `nation` VALUES (2, '蒙古族');
INSERT INTO `nation` VALUES (3, '回族');
INSERT INTO `nation` VALUES (4, '藏族');
INSERT INTO `nation` VALUES (5, '维吾尔族');
INSERT INTO `nation` VALUES (6, '苗族');
INSERT INTO `nation` VALUES (7, '彝族');
INSERT INTO `nation` VALUES (8, '壮族');
INSERT INTO `nation` VALUES (9, '布依族');
INSERT INTO `nation` VALUES (10, '朝鲜族');
INSERT INTO `nation` VALUES (11, '满族');
INSERT INTO `nation` VALUES (12, '侗族');
INSERT INTO `nation` VALUES (13, '瑶族');
INSERT INTO `nation` VALUES (14, '白族');
INSERT INTO `nation` VALUES (15, '土家族');
INSERT INTO `nation` VALUES (16, '哈尼族');
INSERT INTO `nation` VALUES (17, '哈萨克族');
INSERT INTO `nation` VALUES (18, '傣族');
INSERT INTO `nation` VALUES (19, '黎族');
INSERT INTO `nation` VALUES (20, '傈僳族');
INSERT INTO `nation` VALUES (21, '佤族');
INSERT INTO `nation` VALUES (22, '畲族');
INSERT INTO `nation` VALUES (23, '高山族');
INSERT INTO `nation` VALUES (24, '拉祜族');
INSERT INTO `nation` VALUES (25, '水族');
INSERT INTO `nation` VALUES (26, '东乡族');
INSERT INTO `nation` VALUES (27, '纳西族');
INSERT INTO `nation` VALUES (28, '景颇族');
INSERT INTO `nation` VALUES (29, '柯尔克孜族');
INSERT INTO `nation` VALUES (30, '土族');
INSERT INTO `nation` VALUES (31, '达斡尔族');
INSERT INTO `nation` VALUES (32, '仫佬族');
INSERT INTO `nation` VALUES (33, '羌族');
INSERT INTO `nation` VALUES (34, '布朗族');
INSERT INTO `nation` VALUES (35, '撒拉族');
INSERT INTO `nation` VALUES (36, '毛难族');
INSERT INTO `nation` VALUES (37, '仡佬族');
INSERT INTO `nation` VALUES (38, '锡伯族');
INSERT INTO `nation` VALUES (39, '阿昌族');
INSERT INTO `nation` VALUES (40, '普米族');
INSERT INTO `nation` VALUES (41, '塔吉克族');
INSERT INTO `nation` VALUES (42, '怒族');
INSERT INTO `nation` VALUES (43, '乌孜别克族');
INSERT INTO `nation` VALUES (44, '俄罗斯族');
INSERT INTO `nation` VALUES (45, '鄂温克族');
INSERT INTO `nation` VALUES (46, '崩龙族');
INSERT INTO `nation` VALUES (47, '保安族');
INSERT INTO `nation` VALUES (48, '裕固族');
INSERT INTO `nation` VALUES (49, '京族');
INSERT INTO `nation` VALUES (50, '塔塔尔族');
INSERT INTO `nation` VALUES (51, '独龙族');
INSERT INTO `nation` VALUES (52, '鄂伦春族');
INSERT INTO `nation` VALUES (53, '赫哲族');
INSERT INTO `nation` VALUES (54, '门巴族');
INSERT INTO `nation` VALUES (55, '珞巴族');
INSERT INTO `nation` VALUES (56, '基诺族');

-- ----------------------------
-- Table structure for oplog
-- ----------------------------
DROP TABLE IF EXISTS `oplog`;
CREATE TABLE `oplog`  (
  `id` int(11) NOT NULL AUTO_INCREMENT,
  `addDate` date NULL DEFAULT NULL COMMENT '添加日期',
  `operate` varchar(255) CHARACTER SET utf8 COLLATE utf8_general_ci NULL DEFAULT NULL COMMENT '操作内容',
  `hrid` int(11) NULL DEFAULT NULL COMMENT '操作员ID',
  PRIMARY KEY (`id`) USING BTREE,
  INDEX `hrid`(`hrid`) USING BTREE,
  CONSTRAINT `oplog_ibfk_1` FOREIGN KEY (`hrid`) REFERENCES `hr` (`id`) ON DELETE RESTRICT ON UPDATE RESTRICT
) ENGINE = InnoDB CHARACTER SET = utf8 COLLATE = utf8_general_ci ROW_FORMAT = Dynamic;

-- ----------------------------
-- Table structure for politicsstatus
-- ----------------------------
DROP TABLE IF EXISTS `politicsstatus`;
CREATE TABLE `politicsstatus`  (
  `id` int(11) NOT NULL AUTO_INCREMENT,
  `name` varchar(32) CHARACTER SET utf8 COLLATE utf8_general_ci NULL DEFAULT NULL,
  PRIMARY KEY (`id`) USING BTREE
) ENGINE = InnoDB AUTO_INCREMENT = 14 CHARACTER SET = utf8 COLLATE = utf8_general_ci ROW_FORMAT = Dynamic;

-- ----------------------------
-- Records of politicsstatus
-- ----------------------------
INSERT INTO `politicsstatus` VALUES (1, '中共党员');
INSERT INTO `politicsstatus` VALUES (2, '中共预备党员');
INSERT INTO `politicsstatus` VALUES (3, '共青团员');
INSERT INTO `politicsstatus` VALUES (4, '民革党员');
INSERT INTO `politicsstatus` VALUES (5, '民盟盟员');
INSERT INTO `politicsstatus` VALUES (6, '民建会员');
INSERT INTO `politicsstatus` VALUES (7, '民进会员');
INSERT INTO `politicsstatus` VALUES (8, '农工党党员');
INSERT INTO `politicsstatus` VALUES (9, '致公党党员');
INSERT INTO `politicsstatus` VALUES (10, '九三学社社员');
INSERT INTO `politicsstatus` VALUES (11, '台盟盟员');
INSERT INTO `politicsstatus` VALUES (12, '无党派民主人士');
INSERT INTO `politicsstatus` VALUES (13, '普通公民');

-- ----------------------------
-- Table structure for position
-- ----------------------------
DROP TABLE IF EXISTS `position`;
CREATE TABLE `position`  (
  `id` int(11) NOT NULL AUTO_INCREMENT,
  `name` varchar(32) CHARACTER SET utf8 COLLATE utf8_general_ci NULL DEFAULT NULL COMMENT '职位',
  `createDate` timestamp(0) NULL DEFAULT CURRENT_TIMESTAMP,
  `enabled` tinyint(1) NULL DEFAULT 1,
  PRIMARY KEY (`id`) USING BTREE,
  UNIQUE INDEX `name`(`name`) USING BTREE
) ENGINE = InnoDB AUTO_INCREMENT = 35 CHARACTER SET = utf8 COLLATE = utf8_general_ci ROW_FORMAT = Dynamic;

-- ----------------------------
-- Records of position
-- ----------------------------
INSERT INTO `position` VALUES (29, '校长', '2018-01-11 21:13:42', 1);
INSERT INTO `position` VALUES (30, '财务处长', '2018-01-11 21:13:48', 1);
INSERT INTO `position` VALUES (31, '院长', '2018-01-11 21:13:56', 1);
INSERT INTO `position` VALUES (32, '教务主任', '2018-01-11 21:35:07', 1);
INSERT INTO `position` VALUES (33, '后勤主任', '2018-01-14 16:07:11', 1);
INSERT INTO `position` VALUES (34, '教职工', '2018-01-14 16:11:41', 1);
INSERT INTO `position` VALUES (36, '院长助理', '2019-10-30 13:22:05', 1);

-- ----------------------------
-- Table structure for role
-- ----------------------------
DROP TABLE IF EXISTS `role`;
CREATE TABLE `role`  (
  `id` int(11) NOT NULL AUTO_INCREMENT,
  `name` varchar(64) CHARACTER SET utf8 COLLATE utf8_general_ci NULL DEFAULT NULL,
  `nameZh` varchar(64) CHARACTER SET utf8 COLLATE utf8_general_ci NULL DEFAULT NULL COMMENT '角色名称',
  PRIMARY KEY (`id`) USING BTREE
) ENGINE = InnoDB AUTO_INCREMENT = 15 CHARACTER SET = utf8 COLLATE = utf8_general_ci ROW_FORMAT = Dynamic;

-- ----------------------------
-- Records of role
-- ----------------------------
INSERT INTO `role` VALUES (1, 'ROLE_manager', '部门主管');
INSERT INTO `role` VALUES (2, 'ROLE_personnel', '人事专员');
INSERT INTO `role` VALUES (3, 'ROLE_recruiter', '招聘主管');
INSERT INTO `role` VALUES (4, 'ROLE_train', '培训主管');
INSERT INTO `role` VALUES (5, 'ROLE_performance', '薪酬绩效主管');
INSERT INTO `role` VALUES (6, 'ROLE_admin', '系统管理员');

-- ----------------------------
-- Table structure for salary
-- ----------------------------
DROP TABLE IF EXISTS `salary`;
CREATE TABLE `salary`  (
  `id` int(11) NOT NULL AUTO_INCREMENT,
  `basicSalary` int(11) NULL DEFAULT NULL COMMENT '基本工资',
  `bonus` int(11) NULL DEFAULT NULL COMMENT '奖金',
  `lunchSalary` int(11) NULL DEFAULT NULL COMMENT '午餐补助',
  `trafficSalary` int(11) NULL DEFAULT NULL COMMENT '交通补助',
  `allSalary` int(11) NULL DEFAULT NULL COMMENT '应发工资',
  `pensionBase` int(11) NULL DEFAULT NULL COMMENT '养老金基数',
  `pensionPer` float NULL DEFAULT NULL COMMENT '养老金比率',
  `createDate` timestamp(0) NULL DEFAULT NULL COMMENT '启用时间',
  `medicalBase` int(11) NULL DEFAULT NULL COMMENT '医疗基数',
  `medicalPer` float NULL DEFAULT NULL COMMENT '医疗保险比率',
  `accumulationFundBase` int(11) NULL DEFAULT NULL COMMENT '公积金基数',
  `accumulationFundPer` float NULL DEFAULT NULL COMMENT '公积金比率',
  `name` varchar(32) CHARACTER SET utf8 COLLATE utf8_general_ci NULL DEFAULT NULL,
  PRIMARY KEY (`id`) USING BTREE
) ENGINE = InnoDB AUTO_INCREMENT = 14 CHARACTER SET = utf8 COLLATE = utf8_general_ci ROW_FORMAT = Dynamic;

-- ----------------------------
-- Records of salary
-- ----------------------------
INSERT INTO `salary` VALUES (9, 9001, 4000, 800, 500, NULL, 2000, 0.07, '2018-01-24 00:00:00', 2000, 0.07, 2000, 0.07, '教务处工资账套');
INSERT INTO `salary` VALUES (10, 2000, 2000, 400, 1000, NULL, 2000, 0.07, '2018-01-01 00:00:00', 2000, 0.07, 2000, 0.07, '学院工资账套');
INSERT INTO `salary` VALUES (13, 10000, 3000, 500, 500, NULL, 4000, 0.07, '2018-01-25 00:00:00', 4000, 0.07, 4000, 0.07, '社科部工资账套');

-- ----------------------------
-- Table structure for sysmsg
-- ----------------------------
DROP TABLE IF EXISTS `sysmsg`;
CREATE TABLE `sysmsg`  (
  `id` int(11) NOT NULL AUTO_INCREMENT,
  `mid` int(11) NULL DEFAULT NULL COMMENT '消息id',
  `type` int(11) NULL DEFAULT 0 COMMENT '0表示群发消息',
  `hrid` int(11) NULL DEFAULT NULL COMMENT '这条消息是给谁的',
  `state` int(11) NULL DEFAULT 0 COMMENT '0 未读 1 已读',
  PRIMARY KEY (`id`) USING BTREE,
  INDEX `hrid`(`hrid`) USING BTREE,
  INDEX `sysmsg_ibfk_1`(`mid`) USING BTREE,
  CONSTRAINT `sysmsg_ibfk_1` FOREIGN KEY (`mid`) REFERENCES `msgcontent` (`id`) ON DELETE RESTRICT ON UPDATE RESTRICT,
  CONSTRAINT `sysmsg_ibfk_2` FOREIGN KEY (`hrid`) REFERENCES `hr` (`id`) ON DELETE RESTRICT ON UPDATE RESTRICT
) ENGINE = InnoDB AUTO_INCREMENT = 82 CHARACTER SET = utf8 COLLATE = utf8_general_ci ROW_FORMAT = Dynamic;

-- ----------------------------
-- Records of sysmsg
-- ----------------------------
INSERT INTO `sysmsg` VALUES (57, 14, 0, 3, 1);
INSERT INTO `sysmsg` VALUES (58, 14, 0, 5, 1);
INSERT INTO `sysmsg` VALUES (59, 14, 0, 10, 1);
INSERT INTO `sysmsg` VALUES (61, 14, 0, 12, 0);
INSERT INTO `sysmsg` VALUES (62, 15, 0, 3, 1);
INSERT INTO `sysmsg` VALUES (63, 15, 0, 5, 1);
INSERT INTO `sysmsg` VALUES (64, 15, 0, 10, 1);
INSERT INTO `sysmsg` VALUES (66, 15, 0, 12, 0);
INSERT INTO `sysmsg` VALUES (67, 16, 0, 3, 1);
INSERT INTO `sysmsg` VALUES (68, 16, 0, 5, 1);
INSERT INTO `sysmsg` VALUES (69, 16, 0, 10, 1);
INSERT INTO `sysmsg` VALUES (71, 16, 0, 12, 0);
INSERT INTO `sysmsg` VALUES (72, 17, 0, 3, 1);
INSERT INTO `sysmsg` VALUES (73, 17, 0, 5, 1);
INSERT INTO `sysmsg` VALUES (74, 17, 0, 10, 1);
INSERT INTO `sysmsg` VALUES (76, 17, 0, 12, 0);
INSERT INTO `sysmsg` VALUES (77, 18, 0, 3, 1);
INSERT INTO `sysmsg` VALUES (78, 18, 0, 5, 0);
INSERT INTO `sysmsg` VALUES (79, 18, 0, 10, 0);
INSERT INTO `sysmsg` VALUES (81, 18, 0, 12, 0);

-- ----------------------------
-- Procedure structure for addDep
-- ----------------------------
DROP PROCEDURE IF EXISTS `addDep`;
delimiter ;;
CREATE DEFINER=`root`@`localhost` PROCEDURE `addDep`(in depName varchar(32),in parentId int,in enabled boolean,out result int,out result2 int)
begin
  declare did int;
  declare pDepPath varchar(64);
  insert into department set name=depName,parentId=parentId,enabled=enabled;
  select row_count() into result;
  select last_insert_id() into did;
  set result2=did;
  select depPath into pDepPath from department where id=parentId;
  update department set depPath=concat(pDepPath,'.',did) where id=did;
  update department set isParent=true where id=parentId;
end
;;
delimiter ;

-- ----------------------------
-- Procedure structure for deleteDep
-- ----------------------------
DROP PROCEDURE IF EXISTS `deleteDep`;
delimiter ;;
CREATE DEFINER=`root`@`localhost` PROCEDURE `deleteDep`(in did int,out result int)
begin
  declare ecount int;
  declare pid int;
  declare pcount int;
  select count(*) into ecount from employee where departmentId=did;
  if ecount>0 then set result=-1;
  else 
  select parentId into pid from department where id=did;
  delete from department where id=did and isParent=false;
  select row_count() into result;
  select count(*) into pcount from department where parentId=pid;
  if pcount=0 then update department set isParent=false where id=pid;
  end if;
  end if;
end
;;
delimiter ;

SET FOREIGN_KEY_CHECKS = 1;
